<?xml version="1.0" encoding="utf-8"?>
<Project ToolsVersion="4.0" DefaultTargets="Build" InitialTargets="EnsureWixToolsetInstalled" xmlns="http://schemas.microsoft.com/developer/msbuild/2003">
  <PropertyGroup>
    <Configuration Condition=" '$(Configuration)' == '' ">Debug</Configuration>
    <Platform Condition=" '$(Platform)' == '' ">x86</Platform>
    <ProductVersion>3.10</ProductVersion>
    <ProjectGuid>dceb9614-ae10-4f5d-9e5a-7bb1f870d28c</ProjectGuid>
    <SchemaVersion>2.0</SchemaVersion>
    <OutputName>SetupProject2</OutputName>
    <OutputType>Package</OutputType>
  </PropertyGroup>
  <PropertyGroup Condition=" '$(Configuration)|$(Platform)' == 'Debug|x86' ">
    <OutputPath>bin\$(Configuration)\</OutputPath>
    <IntermediateOutputPath>obj\$(Configuration)\</IntermediateOutputPath>
    <DefineConstants>Debug</DefineConstants>
  </PropertyGroup>
  <PropertyGroup Condition=" '$(Configuration)|$(Platform)' == 'Release|x86' ">
    <OutputPath>bin\$(Configuration)\</OutputPath>
    <IntermediateOutputPath>obj\$(Configuration)\</IntermediateOutputPath>
  </PropertyGroup>
  <ItemGroup>
    <Compile Include="Product.wxs" />
  </ItemGroup>
  <ItemGroup>
    <ProjectReference Include="..\ConsoleApp1\ConsoleApp1.csproj">
      <Name>ConsoleApp1</Name>
      <Project>{292e0b5f-9dfc-4007-8967-56421e60c762}</Project>
      <Private>True</Private>
      <DoNotHarvest>True</DoNotHarvest>
      <RefProjectOutputGroups>Binaries;Content;Satellites</RefProjectOutputGroups>
      <RefTargetDir>INSTALLFOLDER</RefTargetDir>
    </ProjectReference>
  </ItemGroup>
  <Import Project="$(WixTargetsPath)" Condition=" '$(WixTargetsPath)' != '' " />
  <Import Project="$(MSBuildExtensionsPath32)\Microsoft\WiX\v3.x\Wix.targets" Condition=" '$(WixTargetsPath)' == '' AND Exists('$(MSBuildExtensionsPath32)\Microsoft\WiX\v3.x\Wix.targets') " />
  <Target Name="EnsureWixToolsetInstalled" Condition=" '$(WixTargetsImported)' != 'true' ">
    <Error Text="The WiX Toolset v3.11 build tools must be installed to build this project. To download the WiX Toolset, see https://wixtoolset.org/releases/v3.11/stable" />
  </Target>
  <!--
	To modify your build process, add your task inside one of the targets below and uncomment it.
	Other similar extension points exist, see Wix.targets.
	<Target Name="BeforeBuild">
	</Target>
	<Target Name="AfterBuild">
	</Target>
	-->
</Project>