<?xml version="1.0" encoding="utf-8"?>
<Project ToolsVersion="15.0" DefaultTargets="Build" xmlns="http://schemas.microsoft.com/developer/msbuild/2003">
  <PropertyGroup Condition="'$(VisualStudioVersion)' == '' or '$(VisualStudioVersion)' &lt; '15.0'">
    <VisualStudioVersion>15.0</VisualStudioVersion>
  </PropertyGroup>
  <ItemGroup Label="ProjectConfigurations">
    <ProjectConfiguration Include="Debug|x86">
      <Configuration>Debug</Configuration>
      <Platform>x86</Platform>
    </ProjectConfiguration>
    <ProjectConfiguration Include="Release|x86">
      <Configuration>Release</Configuration>
      <Platform>x86</Platform>
    </ProjectConfiguration>
    <ProjectConfiguration Include="Debug|x64">
      <Configuration>Debug</Configuration>
      <Platform>x64</Platform>
    </ProjectConfiguration>
    <ProjectConfiguration Include="Release|x64">
      <Configuration>Release</Configuration>
      <Platform>x64</Platform>
    </ProjectConfiguration>
    <ProjectConfiguration Include="Debug|ARM">
      <Configuration>Debug</Configuration>
      <Platform>ARM</Platform>
    </ProjectConfiguration>
    <ProjectConfiguration Include="Release|ARM">
      <Configuration>Release</Configuration>
      <Platform>ARM</Platform>
    </ProjectConfiguration>
    <ProjectConfiguration Include="Debug|ARM64">
      <Configuration>Debug</Configuration>
      <Platform>ARM64</Platform>
    </ProjectConfiguration>
    <ProjectConfiguration Include="Release|ARM64">
      <Configuration>Release</Configuration>
      <Platform>ARM64</Platform>
    </ProjectConfiguration>
    <ProjectConfiguration Include="Debug|AnyCPU">
      <Configuration>Debug</Configuration>
      <Platform>AnyCPU</Platform>
    </ProjectConfiguration>
    <ProjectConfiguration Include="Release|AnyCPU">
      <Configuration>Release</Configuration>
      <Platform>AnyCPU</Platform>
    </ProjectConfiguration>
  </ItemGroup>
  <PropertyGroup>
    <WapProjPath Condition="'$(WapProjPath)'==''">$(MSBuildExtensionsPath)\Microsoft\DesktopBridge\</WapProjPath>
  </PropertyGroup>
  <Import Project="$(WapProjPath)\Microsoft.DesktopBridge.props" />
  <PropertyGroup>
    <ProjectGuid>652152e8-e0fb-493b-9aba-e1c1141bd1fa</ProjectGuid>
    <TargetPlatformVersion>10.0.19041.0</TargetPlatformVersion>
    <TargetPlatformMinVersion>10.0.17763.0</TargetPlatformMinVersion>
    <DefaultLanguage>en-US</DefaultLanguage>
    <AppxPackageSigningEnabled>True</AppxPackageSigningEnabled>
    <EntryPointProjectUniqueName>..\ConsoleApp1\ConsoleApp1.csproj</EntryPointProjectUniqueName>
    <GenerateAppInstallerFile>True</GenerateAppInstallerFile>
    <PackageCertificateKeyFile>Double or Nah_TemporaryKey.pfx</PackageCertificateKeyFile>
    <AppxPackageSigningTimestampDigestAlgorithm>SHA256</AppxPackageSigningTimestampDigestAlgorithm>
    <AppxAutoIncrementPackageRevision>True</AppxAutoIncrementPackageRevision>
    <GenerateTestArtifacts>True</GenerateTestArtifacts>
    <AppxBundlePlatforms>neutral</AppxBundlePlatforms>
    <AppInstallerUri>\\d</AppInstallerUri>
    <HoursBetweenUpdateChecks>0</HoursBetweenUpdateChecks>
    <PackageCertificateThumbprint>F4ED96E68AF547C4B35A29B41433A1ACD12FAA3F</PackageCertificateThumbprint>
  </PropertyGroup>
  <PropertyGroup Condition="'$(Configuration)|$(Platform)'=='Debug|x64'">
    <AppxBundle>Always</AppxBundle>
  </PropertyGroup>
  <PropertyGroup Condition="'$(Configuration)|$(Platform)'=='Debug|AnyCPU'">
    <AppxBundle>Always</AppxBundle>
  </PropertyGroup>
  <PropertyGroup Condition="'$(Configuration)|$(Platform)'=='Release|x64'">
    <AppxBundle>Always</AppxBundle>
  </PropertyGroup>
  <PropertyGroup Condition="'$(Configuration)|$(Platform)'=='Release|x86'">
    <AppxBundle>Always</AppxBundle>
  </PropertyGroup>
  <PropertyGroup Condition="'$(Configuration)|$(Platform)'=='Debug|ARM64'">
    <AppxBundle>Always</AppxBundle>
  </PropertyGroup>
  <PropertyGroup Condition="'$(Configuration)|$(Platform)'=='Debug|x86'">
    <AppxBundle>Always</AppxBundle>
  </PropertyGroup>
  <PropertyGroup Condition="'$(Configuration)|$(Platform)'=='Release|ARM'">
    <AppxBundle>Always</AppxBundle>
  </PropertyGroup>
  <PropertyGroup Condition="'$(Configuration)|$(Platform)'=='Debug|ARM'">
    <AppxBundle>Always</AppxBundle>
  </PropertyGroup>
  <PropertyGroup Condition="'$(Configuration)|$(Platform)'=='Release|AnyCPU'">
    <AppxBundle>Always</AppxBundle>
  </PropertyGroup>
  <PropertyGroup Condition="'$(Configuration)|$(Platform)'=='Release|ARM64'">
    <AppxBundle>Always</AppxBundle>
  </PropertyGroup>
  <ItemGroup>
    <AppxManifest Include="Package.appxmanifest">
      <SubType>Designer</SubType>
    </AppxManifest>
  </ItemGroup>
  <ItemGroup>
    <None Include="Double or Nah_TemporaryKey.pfx" />
    <Content Include="Images\SplashScreen.scale-200.png" />
    <Content Include="Images\LockScreenLogo.scale-200.png" />
    <Content Include="Images\Square150x150Logo.scale-200.png" />
    <Content Include="Images\Square44x44Logo.scale-200.png" />
    <Content Include="Images\Square44x44Logo.targetsize-24_altform-unplated.png" />
    <Content Include="Images\StoreLogo.png" />
    <Content Include="Images\Wide310x150Logo.scale-200.png" />
  </ItemGroup>
  <Import Project="$(WapProjPath)\Microsoft.DesktopBridge.targets" />
  <ItemGroup>
    <PackageReference Include="Microsoft.Windows.SDK.BuildTools" Version="10.0.19041.8" PrivateAssets="all" />
  </ItemGroup>
  <ItemGroup>
    <ProjectReference Include="..\ConsoleApp1\ConsoleApp1.csproj" />
  </ItemGroup>
</Project>